condition,seed,target,seconds,updates_or_rounds,train_loss,validation_loss,validation_accuracy,lr
adam_b128,500,0.0,0.0006451224908232689,0,2.6711297172934323,2.6970576171875,0.158,0.003
adam_b128,500,5.0,5.001205884851515,11757,0.11105600415245961,0.14871865844726562,0.957,0.002996677421993782
adam_b128,500,10.0,10.000714665278792,23557,0.08346462146306442,0.12495553588867188,0.965,0.002986674897112256
adam_b128,500,20.0,20.000828207470477,46986,0.07679544726872849,0.11632801818847656,0.967,0.0029472227092497884
adam_b128,500,30.0,30.001454736106098,70477,0.07256613475993529,0.11813005828857422,0.963,0.0028821389659179995
adam_b128,500,60.0,60.00076787453145,140871,0.07368760370804092,0.12698286437988282,0.964,0.0025477626782752635
adam_b128,500,120.0,120.0009393338114,278448,0.06198565111321918,0.1152959976196289,0.969,0.0014943196835844916
adam_b128,500,180.0,180.00089236628264,417965,0.05696596759860798,0.1078343276977539,0.97,0.0004415261488106051
adam_b128,500,240.0,240.00119935628027,556190,0.05515695946903552,0.10632990264892578,0.969,3e-05
adam_b128,501,0.0,0.000728788785636425,0,2.591936051708157,2.575402587890625,0.094,0.003
adam_b128,501,5.0,5.001074331812561,11770,0.09550093660516254,0.14262013244628907,0.958,0.0029966700723446965
adam_b128,501,10.0,10.001016514375806,23656,0.08178944267660884,0.1341542205810547,0.96,0.00298656282714766
adam_b128,501,20.0,20.00160587672144,46758,0.07533802976446637,0.1257520065307617,0.965,0.0029477306629687255
adam_b128,501,30.0,30.001056408509612,69951,0.07429713019678148,0.12267586517333984,0.967,0.0028838685067350185
adam_b128,501,60.0,60.00103238038719,140884,0.06742030703011205,0.12385891723632812,0.964,0.002547683726792247
adam_b128,501,120.0,120.00157567299902,281741,0.06070915280358266,0.1191337890625,0.967,0.0014664966325094887
adam_b128,501,180.0,180.00091245770454,423762,0.0563340561430333,0.1192814712524414,0.965,0.0004082629960034827
adam_b128,501,240.0,240.00100600905716,562665,0.054283202931032344,0.11812603759765625,0.964,3e-05
adam_b128,502,0.0,0.0006258152425289154,0,2.675321599410752,2.6606748046875,0.149,0.003
adam_b128,502,5.0,5.000814005732536,11897,0.0967781753540039,0.1542726287841797,0.964,0.0029965978452798584
adam_b128,502,10.0,10.000965694896877,23819,0.08508104382531118,0.1428326416015625,0.964,0.002986377290137193
adam_b128,502,20.0,20.000875620171428,47672,0.07476200608075675,0.15018055725097657,0.96,0.0029456798522168788
adam_b128,502,30.0,30.000973135232925,71330,0.07509276561413782,0.1410230255126953,0.954,0.002879308178565347
adam_b128,502,60.0,60.00113181583583,142162,0.06969077501458637,0.13764295959472655,0.964,0.0025398946631567942
adam_b128,502,120.0,120.0011800583452,283132,0.06316902613235732,0.11815830230712891,0.967,0.0014547484176836779
adam_b128,502,180.0,180.00126299727708,424085,0.05710946209147825,0.11514674377441406,0.965,0.0004064447231822376
adam_b128,502,240.0,240.00084052048624,564121,0.0553640337798555,0.1160732650756836,0.967,3e-05
adam_ste_b128,500,0.0,0.001086510717868805,0,2.6210225850768007,2.64950634765625,0.088,0.0001
adam_ste_b128,500,5.0,5.00134252384305,7695,0.39029764569815945,0.40218975830078124,0.888,9.98719694964216e-05
adam_ste_b128,500,10.0,10.001490040682256,15557,0.3334679441290387,0.3445158996582031,0.906,9.947733129692014e-05
adam_ste_b128,500,20.0,20.001154876314104,30874,0.29063291077694653,0.314623046875,0.893,9.7951970037303e-05
adam_ste_b128,500,30.0,30.0011646496132,45353,0.24296572436316538,0.26393527221679686,0.92,9.561598573674628e-05
adam_ste_b128,500,60.0,60.0015232199803,90056,0.22819103486659162,0.26011434936523437,0.92,8.346517069156268e-05
adam_ste_b128,500,120.0,120.0009769294411,179831,0.23345422815872452,0.27090625,0.921,4.503595074346572e-05
adam_ste_b128,500,180.0,180.00142157450318,270674,0.23507532371908932,0.24553794860839845,0.93,9.950292601130604e-06
adam_ste_b128,500,240.0,240.00131632946432,360323,0.23684195385949086,0.23847235107421874,0.93,1.0000000000000002e-06
adam_ste_b128,501,0.0,0.0008088015019893646,0,2.5224003533832096,2.50549365234375,0.088,0.0001
adam_ste_b128,501,5.0,5.001497753895819,7813,0.39667062377929685,0.4192804870605469,0.883,9.986801402971814e-05
adam_ste_b128,501,10.0,10.001258134841919,15648,0.3395946794930151,0.3694415893554687,0.889,9.947120930439052e-05
adam_ste_b128,501,20.0,20.00150301773101,31304,0.264511040121822,0.2899115905761719,0.915,9.78949333348939e-05
adam_ste_b128,501,30.0,30.00113658886403,46969,0.23848863090903072,0.25140545654296875,0.931,9.530311732737587e-05
adam_ste_b128,501,60.0,60.00108640547842,93742,0.23831044730493578,0.2739013671875,0.921,8.217322024577004e-05
adam_ste_b128,501,120.0,120.00118547212332,186623,0.26312562418792207,0.2745799560546875,0.922,4.192477468985154e-05
adam_ste_b128,501,180.0,180.00145951565355,279394,0.23417799067093154,0.28297268676757814,0.924,7.772899221520329e-06
adam_ste_b128,501,240.0,240.00135425385088,372250,0.2326034717883094,0.26747998046875,0.918,1.0000000000000002e-06
adam_ste_b128,502,0.0,0.0007959315553307533,0,2.592251286910752,2.571989013671875,0.128,0.0001
adam_ste_b128,502,5.0,5.001147945411503,7804,0.39473581682625464,0.397960205078125,0.887,9.98683178348445e-05
adam_ste_b128,502,10.0,10.001366396434605,15592,0.3114343698792538,0.32951031494140626,0.903,9.947498088023369e-05
adam_ste_b128,502,20.0,20.00147221237421,31148,0.2734861429505429,0.28771682739257814,0.914,9.791571432048948e-05
adam_ste_b128,502,30.0,30.001055581495166,46620,0.2482862905728615,0.2605787353515625,0.927,9.537155449947282e-05
adam_ste_b128,502,60.0,60.001055491156876,93079,0.21294103228035619,0.23858340454101562,0.928,8.24084227425976e-05
adam_ste_b128,502,120.0,120.00149416085333,184020,0.2268536221778999,0.26986846923828123,0.919,4.311371250415911e-05
adam_ste_b128,502,180.0,180.00152587797493,275406,0.23261185080318128,0.24517958068847656,0.931,8.734311089996845e-06
adam_ste_b128,502,240.0,240.0010186964646,366859,0.2552573319774563,0.25636322021484376,0.92,1.0000000000000002e-06
adam_ste_b5000,500,0.0,0.0008301772177219391,0,2.6210225850768007,2.64950634765625,0.088,0.0001
adam_ste_b5000,500,5.0,5.0012530935928226,4079,0.41697662870762714,0.43910525512695314,0.881,9.98561399014519e-05
adam_ste_b5000,500,10.0,10.001885392703116,8342,0.32740572266659496,0.34360968017578125,0.905,9.939908649154582e-05
adam_ste_b5000,500,20.0,20.002110794186592,16709,0.26777036350056277,0.28167138671875,0.918,9.76035436387401e-05
adam_ste_b5000,500,30.0,30.00268681626767,21560,0.2556002139075328,0.280433349609375,0.918,9.603152727546788e-05
adam_ste_b5000,500,60.0,60.00296073872596,36106,0.2426789318020061,0.25708062744140625,0.919,8.913998496105209e-05
adam_ste_b5000,500,120.0,120.00119298417121,64901,0.24835366045418433,0.2821883544921875,0.921,6.780636105365425e-05
adam_ste_b5000,500,180.0,180.00117506459355,94257,0.2556530557406151,0.30185928344726565,0.905,4.106464708818465e-05
adam_ste_b5000,500,240.0,240.00293848384172,123423,0.24045194826287739,0.27238836669921873,0.912,1.7225609167519804e-05
adam_ste_b5000,501,0.0,0.0008486565202474594,0,2.5224003533832096,2.50549365234375,0.088,0.0001
adam_ste_b5000,501,5.0,5.001077132299542,4329,0.4214305875099311,0.43589559936523437,0.876,9.983797060283286e-05
adam_ste_b5000,501,10.0,10.001346196979284,8652,0.32505790322513906,0.33596044921875,0.897,9.935368883751046e-05
adam_ste_b5000,501,20.0,20.002078381367028,17066,0.2645349395234706,0.28601931762695315,0.92,9.750091899093328e-05
adam_ste_b5000,501,30.0,30.002179172821343,25211,0.2620715487205376,0.3015328979492187,0.905,9.460061982296762e-05
adam_ste_b5000,501,60.0,60.00234390143305,49910,0.23487716041177006,0.286724365234375,0.907,7.996183104550742e-05
adam_ste_b5000,501,120.0,120.00141803361475,99710,0.2640174532098285,0.2711343994140625,0.923,3.616723007537642e-05
adam_ste_b5000,501,180.0,180.00206011161208,149503,0.2566474147731975,0.29453955078125,0.906,3.93204851143876e-06
adam_ste_b5000,501,240.0,240.00148328673095,198858,0.2339184117721299,0.2598887023925781,0.928,1.0000000000000002e-06
adam_ste_b5000,502,0.0,0.0009188894182443619,0,2.592251286910752,2.571989013671875,0.128,0.0001
adam_ste_b5000,502,5.0,5.002013647928834,4262,0.3990558282884501,0.4041243896484375,0.885,9.984294576054721e-05
adam_ste_b5000,502,10.0,10.001579454168677,8543,0.31251156719660356,0.32696426391601563,0.909,9.936983845936898e-05
adam_ste_b5000,502,20.0,20.000966180115938,17166,0.262113120386156,0.2703807678222656,0.924,9.74717968381578e-05
adam_ste_b5000,502,30.0,30.001916028559208,25686,0.23116032332080905,0.2512859954833984,0.93,9.439919769110768e-05
adam_ste_b5000,502,60.0,60.002209234051406,51314,0.23537206100205244,0.26784625244140625,0.922,7.890744922169784e-05
adam_ste_b5000,502,120.0,120.00197876710445,102395,0.2613932086491989,0.2981090087890625,0.911,3.380739408371267e-05
adam_ste_b5000,502,180.0,180.00096228718758,153197,0.31289883552163333,0.33895700073242185,0.898,2.8846867341945296e-06
adam_ste_b5000,502,240.0,240.0024825464934,203928,0.25690942046601895,0.27098434448242187,0.918,1.0000000000000002e-06
adam_lsq_b128,500,0.0,0.0007390100508928299,0,2.9003853159759005,2.939557861328125,0.181,0.001
adam_lsq_b128,500,5.0,5.001137659884989,7305,0.23149508899753377,0.26641275024414063,0.92,0.0009984297031894653
adam_lsq_b128,500,10.0,10.00128583330661,14500,0.22478253535901085,0.2687677307128906,0.916,0.0009938218196601555
adam_lsq_b128,500,20.0,20.001530716195703,28884,0.22544048438637942,0.2575303344726563,0.916,0.0009756342911567423
adam_lsq_b128,500,30.0,30.001114955171943,42620,0.19860538482666015,0.21377674865722657,0.942,0.0009474636097745798
adam_lsq_b128,500,60.0,60.00133719108999,85786,0.19062200113070213,0.22512710571289063,0.921,0.0007986336850847591
adam_lsq_b128,500,120.0,120.00134311337024,171328,0.21591626946400788,0.22039390563964845,0.942,0.0003596203585256541
adam_lsq_b128,500,180.0,180.0010248888284,256776,0.19795192977129403,0.23348464965820312,0.926,3.843753995068055e-05
adam_lsq_b128,500,240.0,240.00127610005438,341557,0.22735876620017875,0.24618562316894532,0.925,1e-05
adam_lsq_b128,501,0.0,0.0007903147488832474,0,2.7193707585738878,2.70357080078125,0.134,0.001
adam_lsq_b128,501,5.0,5.001420916058123,7301,0.2196896159285206,0.23965231323242187,0.925,0.0009984314217406053
adam_lsq_b128,501,10.0,10.001428801566362,14570,0.22461326185323424,0.2529537353515625,0.916,0.00099376214605595
adam_lsq_b128,501,20.0,20.001094290986657,28503,0.23087394326420155,0.23835574340820312,0.921,0.000976267721840774
adam_lsq_b128,501,30.0,30.00111099984497,42978,0.20832099203336038,0.23747943115234374,0.935,0.000946593580141202
adam_lsq_b128,501,60.0,60.00119746569544,86313,0.2115789282847259,0.2478726806640625,0.927,0.0007963379830527603
adam_lsq_b128,501,120.0,120.00161592941731,172061,0.2386697527352026,0.28058151245117186,0.914,0.0003558416790377389
adam_lsq_b128,501,180.0,180.0014900714159,257361,0.2022397666543217,0.23823271179199218,0.927,3.739181455524724e-05
adam_lsq_b128,501,240.0,240.00159535743296,343223,0.18113044984461898,0.19641258239746093,0.938,1e-05
adam_lsq_b128,502,0.0,0.0007330039516091347,0,3.435127685546875,3.46285302734375,0.139,0.001
adam_lsq_b128,502,5.0,5.00156164355576,7205,0.25416863470562434,0.2583558349609375,0.919,0.00099847238513333
adam_lsq_b128,502,10.0,10.00163994077593,13827,0.2136107347132796,0.22644998168945313,0.932,0.0009943809912089034
adam_lsq_b128,502,20.0,20.001586887054145,28178,0.21646576962228548,0.22691928100585937,0.928,0.0009768016168814689
adam_lsq_b128,502,30.0,30.00125971995294,42396,0.21439477926997816,0.24456593322753906,0.925,0.000948004554810257
adam_lsq_b128,502,60.0,60.00154846068472,84311,0.2126930726908021,0.2285963897705078,0.933,0.0008050072088312858
adam_lsq_b128,502,120.0,120.0012450357899,169383,0.20597739475056276,0.24023814392089843,0.929,0.0003696914096244786
adam_lsq_b128,502,180.0,180.00140660256147,254850,0.22526794459456104,0.24674349975585938,0.919,4.201439865413958e-05
adam_lsq_b128,502,240.0,240.00119871739298,340276,0.2113325072466317,0.27434597778320313,0.916,1e-05
adam_lsq_b5000,500,0.0,0.0007380880415439606,0,2.9003853159759005,2.939557861328125,0.181,0.001
adam_lsq_b5000,500,5.0,5.001237460412085,4086,0.24782979984606726,0.2648165283203125,0.919,0.000998035524497515
adam_lsq_b5000,500,10.0,10.00107603520155,8204,0.20837767248638606,0.21593112182617188,0.933,0.0009920943793346076
adam_lsq_b5000,500,20.0,20.001764149405062,16261,0.211598973807642,0.22610331726074218,0.938,0.0009691800457199858
adam_lsq_b5000,500,30.0,30.001123080961406,24263,0.22083279561188263,0.23409169006347658,0.932,0.0009322608811693443
adam_lsq_b5000,500,60.0,60.00221445970237,48510,0.21892677358853616,0.2280460205078125,0.929,0.0007477244648447258
adam_lsq_b5000,500,120.0,120.00145874172449,96553,0.21159554989055052,0.261859619140625,0.917,0.0002523555453859442
adam_lsq_b5000,500,180.0,180.00214623007923,143828,0.20075600239381952,0.2096429901123047,0.938,1.0003525669958912e-05
adam_lsq_b5000,500,240.0,240.00167897343636,191380,0.21456571365615068,0.2616216125488281,0.913,1e-05
adam_lsq_b5000,501,0.0,0.000767250545322895,0,2.7193707585738878,2.70357080078125,0.134,0.001
adam_lsq_b5000,501,5.0,5.002100480720401,4008,0.22925519199694616,0.2615176086425781,0.917,0.0009981097813039654
adam_lsq_b5000,501,10.0,10.001754096709192,7846,0.23378657001560016,0.22778926086425783,0.932,0.0009927677161941108
adam_lsq_b5000,501,20.0,20.002105192281306,15853,0.20586346655376886,0.20742979431152345,0.943,0.0009706920673891512
adam_lsq_b5000,501,30.0,30.00179567746818,23750,0.19449729311668268,0.20965719604492186,0.935,0.000935031443529551
adam_lsq_b5000,501,60.0,60.0017208782956,47173,0.20905689110190182,0.23017994689941407,0.925,0.0007602029882825252
adam_lsq_b5000,501,120.0,120.00161479786038,94887,0.21026026800123312,0.25686026000976564,0.921,0.0002679906431367677
adam_lsq_b5000,501,180.0,180.00171711482108,139991,0.20248209639727058,0.217322998046875,0.934,1.1893048324350079e-05
adam_lsq_b5000,501,240.0,240.0011513242498,185927,0.19452381121102025,0.22411859130859374,0.926,1e-05
adam_lsq_b5000,502,0.0,0.0007345126941800117,0,3.435127685546875,3.46285302734375,0.139,0.001
adam_lsq_b5000,502,5.0,5.001266893930733,4047,0.23281238336078192,0.23937422180175782,0.927,0.0009980728313788783
adam_lsq_b5000,502,10.0,10.001781081780791,8065,0.22352774733203953,0.24402705383300782,0.932,0.0009923593455919567
adam_lsq_b5000,502,20.0,20.00217331480235,16144,0.2119856766522941,0.2448953094482422,0.921,0.0009696174065124849
adam_lsq_b5000,502,30.0,30.00127423275262,24191,0.20075174312268274,0.20924769592285156,0.932,0.0009326529685836491
adam_lsq_b5000,502,60.0,60.00205628480762,48231,0.20777385504771087,0.2263169708251953,0.926,0.0007503458405061967
adam_lsq_b5000,502,120.0,120.00203645322472,95717,0.23195941886255297,0.2660257568359375,0.918,0.0002601608161241234
adam_lsq_b5000,502,180.0,180.0015387609601,143039,0.18433624319302833,0.20457162475585938,0.939,1.0109014474851182e-05
adam_lsq_b5000,502,240.0,240.0011771991849,190571,0.21409316085556807,0.22004067993164061,0.935,1e-05
sts_int32,500,0.0,0.051960368640720844,0,2.7905209216101694,2.792145751953125,0.082,
sts_int32,500,5.0,5.00219296105206,10324,0.30981680349576274,0.3399212341308594,0.905,
sts_int32,500,10.0,10.002201084047556,17570,0.28132474841101696,0.30725250244140623,0.911,
sts_int32,500,20.0,20.00286719482392,30277,0.2555125132415254,0.2734719848632812,0.93,
sts_int32,500,30.0,30.00303617119789,38476,0.2494510063559322,0.26409732055664065,0.933,
sts_int32,500,60.0,60.003198524937034,63768,0.23999988413665255,0.2626512451171875,0.926,
sts_int32,500,120.0,120.00253653526306,112988,0.2307049126059322,0.2566788635253906,0.931,
sts_int32,500,180.0,180.00231691543013,162724,0.2259231660487288,0.24253890991210938,0.935,
sts_int32,500,240.0,240.00229435693473,211684,0.22168528204449153,0.2400830535888672,0.935,
sts_int32,501,0.0,0.057354982011020184,0,2.5934139300847456,2.591638671875,0.11,
sts_int32,501,5.0,5.002132986672223,9837,0.2845492915783898,0.2998799743652344,0.911,
sts_int32,501,10.0,10.003797401674092,17102,0.26656662142478815,0.28967855834960937,0.923,
sts_int32,501,20.0,20.0020551988855,30574,0.2392056574417373,0.26807943725585937,0.92,
sts_int32,501,30.0,30.002002427354455,38794,0.22885152939618644,0.24753071594238282,0.93,
sts_int32,501,60.0,60.00210177432746,63491,0.2149748411016949,0.23707844543457032,0.929,
sts_int32,501,120.0,120.00360066723078,112505,0.20504578257415254,0.22731845092773437,0.937,
sts_int32,501,180.0,180.0040189223364,162148,0.20187104409427967,0.210919921875,0.941,
sts_int32,501,240.0,240.00223712809384,211325,0.1994777707891949,0.22536940002441405,0.942,
sts_int32,502,0.0,0.053728675469756126,0,2.7386059322033898,2.72783056640625,0.127,
sts_int32,502,5.0,5.001975329592824,10932,0.3007231528072034,0.3092283020019531,0.917,
sts_int32,502,10.0,10.002191541716456,17819,0.2744650092690678,0.2946510009765625,0.914,
sts_int32,502,20.0,20.002649534493685,32030,0.25692732057733053,0.2708515930175781,0.925,
sts_int32,502,30.0,30.00231098663062,45082,0.24752520855402543,0.26744818115234376,0.929,
sts_int32,502,60.0,60.00213864073157,69586,0.23204007216631356,0.2522035827636719,0.919,
sts_int32,502,120.0,120.00237962696701,118022,0.2231817233845339,0.24739524841308594,0.928,
sts_int32,502,180.0,180.00233166478574,167302,0.22081147378177965,0.24181266784667968,0.93,
sts_int32,502,240.0,240.00446641631424,215021,0.21567574814618645,0.2380172576904297,0.934,
