condition,seed,seconds,updates_or_rounds,schedule,initial_lr,horizon,train_loss,validation_loss,validation_accuracy,test_loss,test_accuracy
adam_b128,500,240.00125880725682,556190,cosine,0.003,552000,0.05515695946903552,0.10632990264892578,0.969,0.08936961612701416,0.9695
adam_b128,501,240.00104957912117,562665,cosine,0.003,552000,0.054283202931032344,0.11812603759765625,0.964,0.09476587829589844,0.9698
adam_b128,502,240.00088340323418,564121,cosine,0.003,552000,0.0553640337798555,0.1160732650756836,0.967,0.09133476142883301,0.9701
adam_ste_b128,500,240.00136165879667,360323,cosine,0.0001,336000,0.23684195385949086,0.23847235107421874,0.93,0.2453207763671875,0.9266
adam_ste_b128,501,240.00140574295074,372250,cosine,0.0001,336000,0.2326034717883094,0.26747998046875,0.918,0.22157001647949218,0.9302
adam_ste_b128,502,240.0010633887723,366859,cosine,0.0001,336000,0.2552573319774563,0.25636322021484376,0.92,0.26048466033935547,0.9167
adam_ste_b5000,500,240.0029886448756,123423,cosine,0.0001,168000,0.24045194826287739,0.27238836669921873,0.912,0.23329197387695313,0.9278
adam_ste_b5000,501,240.00153160654008,198858,cosine,0.0001,168000,0.2339184117721299,0.2598887023925781,0.928,0.24862823791503907,0.9229
adam_ste_b5000,502,240.0025435704738,203928,cosine,0.0001,168000,0.25690942046601895,0.27098434448242187,0.918,0.2651776351928711,0.914
adam_lsq_b128,500,240.00131722912192,341557,cosine,0.001,288000,0.22735876620017875,0.24618562316894532,0.925,0.23148530960083008,0.927
adam_lsq_b128,501,240.00163623970002,343223,cosine,0.001,288000,0.18113044984461898,0.19641258239746093,0.938,0.18072275695800782,0.9458
adam_lsq_b128,502,240.00123960431665,340276,cosine,0.001,288000,0.2113325072466317,0.27434597778320313,0.916,0.21316954116821288,0.93
adam_lsq_b5000,500,240.00172418076545,191380,cosine,0.001,144000,0.21456571365615068,0.2616216125488281,0.913,0.22352123107910157,0.9267
adam_lsq_b5000,501,240.0011943699792,185927,cosine,0.001,144000,0.19452381121102025,0.22411859130859374,0.926,0.19974108428955079,0.9386
adam_lsq_b5000,502,240.00122142862529,190571,cosine,0.001,144000,0.21409316085556807,0.22004067993164061,0.935,0.21744664459228516,0.931
sts_int32,500,240.00229435693473,211684,not_applicable,,,0.22168528204449153,0.2400830535888672,0.935,0.2094497314453125,0.9393
sts_int32,501,240.00223712809384,211325,not_applicable,,,0.1994777707891949,0.22536940002441405,0.942,0.1937633056640625,0.9444
sts_int32,502,240.00446641631424,215021,not_applicable,,,0.21567574814618645,0.2380172576904297,0.934,0.208900048828125,0.9408
