method,seed,target,seconds,rounds,train_loss,validation_loss,validation_accuracy
native_int32,500,0.0,0.051960368640720844,0,2.7905209216101694,2.792145751953125,0.082
native_int32,500,5.0,5.00219296105206,10324,0.30981680349576274,0.3399212341308594,0.905
native_int32,500,10.0,10.002201084047556,17570,0.28132474841101696,0.30725250244140623,0.911
native_int32,500,20.0,20.00286719482392,30277,0.2555125132415254,0.2734719848632812,0.93
native_int32,500,30.0,30.00303617119789,38476,0.2494510063559322,0.26409732055664065,0.933
native_int32,500,60.0,60.003198524937034,63768,0.23999988413665255,0.2626512451171875,0.926
native_int32,500,120.0,120.00253653526306,112988,0.2307049126059322,0.2566788635253906,0.931
native_int32,500,180.0,180.00231691543013,162724,0.2259231660487288,0.24253890991210938,0.935
native_int32,500,240.0,240.00229435693473,211684,0.22168528204449153,0.2400830535888672,0.935
native_int32,500,360.0,360.0022971983999,310572,0.21832219941737288,0.23582278442382812,0.934
native_int32,500,480.0,480.00314955506474,408895,0.21638163731461865,0.23076966857910156,0.929
native_int32,500,600.0,600.0022467942908,507381,0.21355076469809323,0.21389617919921874,0.937
native_noconf,500,0.0,0.05354099441319704,0,2.7905209216101694,2.792145751953125,0.082
native_noconf,500,5.0,5.003032055683434,11329,0.32761169226694914,0.32994363403320315,0.906
native_noconf,500,10.0,10.002108107320964,18449,0.3046421808792373,0.30856430053710937,0.914
native_noconf,500,20.0,20.00274455267936,33318,0.2824692134533898,0.29603082275390624,0.911
native_noconf,500,30.0,30.002145109698176,47846,0.2721206965042373,0.2820888977050781,0.93
native_noconf,500,60.0,60.00213526468724,91377,0.2689648271980932,0.285317626953125,0.915
native_noconf,500,120.0,120.00232855323702,139039,0.23009763969809321,0.2508115997314453,0.932
native_noconf,500,180.0,180.0043216291815,179352,0.22851618776483051,0.24636329650878908,0.929
native_noconf,500,240.0,240.00413992907852,214089,0.22539926509533897,0.22757279968261718,0.936
native_noconf,500,360.0,360.00269581284374,309327,0.22109260791843222,0.23175987243652343,0.933
native_noconf,500,480.0,480.0020881379023,403202,0.2208614274364407,0.22689959716796876,0.936
native_noconf,500,600.0,600.0021723024547,499860,0.22244195246292373,0.22669602966308594,0.935
native_int32,501,0.0,0.057354982011020184,0,2.5934139300847456,2.591638671875,0.11
native_int32,501,5.0,5.002132986672223,9837,0.2845492915783898,0.2998799743652344,0.911
native_int32,501,10.0,10.003797401674092,17102,0.26656662142478815,0.28967855834960937,0.923
native_int32,501,20.0,20.0020551988855,30574,0.2392056574417373,0.26807943725585937,0.92
native_int32,501,30.0,30.002002427354455,38794,0.22885152939618644,0.24753071594238282,0.93
native_int32,501,60.0,60.00210177432746,63491,0.2149748411016949,0.23707844543457032,0.929
native_int32,501,120.0,120.00360066723078,112505,0.20504578257415254,0.22731845092773437,0.937
native_int32,501,180.0,180.0040189223364,162148,0.20187104409427967,0.210919921875,0.941
native_int32,501,240.0,240.00223712809384,211325,0.1994777707891949,0.22536940002441405,0.942
native_int32,501,360.0,360.0033120578155,309440,0.1976042439088983,0.22186459350585938,0.936
native_int32,501,480.0,480.0022355625406,407690,0.19537885659427967,0.21954457092285157,0.935
native_int32,501,600.0,600.0063657965511,506080,0.19227019332627118,0.2214752197265625,0.937
native_noconf,501,0.0,0.05491790734231472,0,2.5934139300847456,2.591638671875,0.11
native_noconf,501,5.0,5.002558241598308,12797,0.31157680084745765,0.3366888122558594,0.903
native_noconf,501,10.0,10.002173215150833,20242,0.2796436374470339,0.2891016235351562,0.918
native_noconf,501,20.0,20.002844009548426,30789,0.25770267809851694,0.2859601745605469,0.921
native_noconf,501,30.0,30.00264886766672,38694,0.24082882018008475,0.26858523559570313,0.928
native_noconf,501,60.0,60.004745583981276,63253,0.2304177370233051,0.24844664001464845,0.929
native_noconf,501,120.0,120.00201128516346,112662,0.22017808196504238,0.24301210021972655,0.931
native_noconf,501,180.0,180.00202387664467,162116,0.21847628111758474,0.2503640594482422,0.929
native_noconf,501,240.0,240.0032599736005,190024,0.20492230534957628,0.23360691833496094,0.939
native_noconf,501,360.0,360.0034184921533,237135,0.1989370034427966,0.2242324981689453,0.94
native_noconf,501,480.0,480.0033732717857,283596,0.1949914426641949,0.21280111694335938,0.944
native_noconf,501,600.0,600.0025266706944,331036,0.19424708686440678,0.2197515869140625,0.945
native_int32,502,0.0,0.053728675469756126,0,2.7386059322033898,2.72783056640625,0.127
native_int32,502,5.0,5.001975329592824,10932,0.3007231528072034,0.3092283020019531,0.917
native_int32,502,10.0,10.002191541716456,17819,0.2744650092690678,0.2946510009765625,0.914
native_int32,502,20.0,20.002649534493685,32030,0.25692732057733053,0.2708515930175781,0.925
native_int32,502,30.0,30.00231098663062,45082,0.24752520855402543,0.26744818115234376,0.929
native_int32,502,60.0,60.00213864073157,69586,0.23204007216631356,0.2522035827636719,0.919
native_int32,502,120.0,120.00237962696701,118022,0.2231817233845339,0.24739524841308594,0.928
native_int32,502,180.0,180.00233166478574,167302,0.22081147378177965,0.24181266784667968,0.93
native_int32,502,240.0,240.00446641631424,215021,0.21567574814618645,0.2380172576904297,0.934
native_int32,502,360.0,360.00262886378914,311888,0.20831960076800848,0.2303623046875,0.934
native_int32,502,480.0,480.00225362181664,409127,0.20654478945974578,0.22748332214355468,0.931
native_int32,502,600.0,600.0022048754618,506403,0.2074560712394068,0.22149501037597658,0.932
native_noconf,502,0.0,0.054682121612131596,0,2.7386059322033898,2.72783056640625,0.127
native_noconf,502,5.0,5.002108231186867,11781,0.30734166445974576,0.32575704956054685,0.906
native_noconf,502,10.0,10.002363912761211,18679,0.2838886056673729,0.3008896484375,0.912
native_noconf,502,20.0,20.002434817142785,33571,0.2683593584480932,0.2751015319824219,0.924
native_noconf,502,30.0,30.002801573835313,47933,0.2665738049523305,0.2808828430175781,0.912
native_noconf,502,60.0,60.00275104679167,72697,0.23944407110699154,0.26445321655273435,0.919
native_noconf,502,120.0,120.00231284275651,121906,0.23565399894067796,0.25348213195800784,0.93
native_noconf,502,180.0,180.00373059418052,171233,0.22541042108050846,0.2507293701171875,0.928
native_noconf,502,240.0,240.00203607790172,220451,0.22321095405190677,0.2458080596923828,0.926
native_noconf,502,360.0,360.00205457396805,318604,0.22262599311440678,0.23423722839355468,0.934
native_noconf,502,480.0,480.00264107994735,415196,0.2186890558792373,0.23875888061523437,0.93
native_noconf,502,600.0,600.0020421603695,506578,0.21855268471927966,0.2276776885986328,0.93
native_int32,503,0.0,0.054642802104353905,0,2.4378903601694915,2.438093017578125,0.201
native_int32,503,5.0,5.002225841395557,9272,0.30864373675847456,0.3295888366699219,0.904
native_int32,503,10.0,10.003119860775769,16257,0.28278611626059325,0.30617715454101563,0.918
native_int32,503,20.0,20.00338145531714,31040,0.262585109904661,0.2924979248046875,0.917
native_int32,503,30.0,30.002565877512097,45116,0.25340105270127117,0.2612011413574219,0.925
native_int32,503,60.0,60.00266006961465,71372,0.2351542141154661,0.2357744140625,0.934
native_int32,503,120.0,120.00214053690434,119642,0.22699175715042372,0.22898924255371095,0.932
native_int32,503,180.0,180.0033831158653,168781,0.22319812632415253,0.23578291320800782,0.932
native_int32,503,240.0,240.0032313261181,218042,0.22045012910487288,0.2345310821533203,0.935
native_int32,503,360.0,360.00207951292396,316548,0.21542930680614406,0.22683197021484375,0.932
native_int32,503,480.0,480.002580746077,414964,0.20978629833156778,0.21939988708496094,0.942
native_int32,503,600.0,600.0027131782845,513511,0.20974223715572035,0.219591064453125,0.935
native_noconf,503,0.0,0.060441868379712105,0,2.4378903601694915,2.438093017578125,0.201
native_noconf,503,5.0,5.002011062577367,11308,0.3098885063559322,0.316737060546875,0.913
native_noconf,503,10.0,10.003505267202854,18624,0.29262576138771185,0.2943163146972656,0.919
native_noconf,503,20.0,20.0026475796476,33229,0.27865605137711863,0.2924981689453125,0.907
native_noconf,503,30.0,30.00215959455818,41561,0.25691442664194913,0.26532196044921874,0.921
native_noconf,503,60.0,60.00210614129901,66230,0.24680980203919492,0.2774903564453125,0.918
native_noconf,503,120.0,120.00204010214657,114638,0.2328249635858051,0.24952725219726563,0.924
native_noconf,503,180.0,180.00264864135534,164188,0.2302723781779661,0.25139923095703126,0.937
native_noconf,503,240.0,240.00261655636132,213385,0.22651694915254236,0.25374436950683593,0.928
native_noconf,503,360.0,360.0023974068463,311665,0.22547962460275423,0.2454847412109375,0.924
native_noconf,503,480.0,480.00206232909113,409460,0.22146158302436442,0.24553907775878905,0.934
native_noconf,503,600.0,600.0037902994081,506751,0.22389612023305086,0.24647109985351562,0.933
native_int32,504,0.0,0.05464256927371025,0,2.66967531779661,2.715395751953125,0.127
native_int32,504,5.0,5.002277152612805,10829,0.2988357719809322,0.33646957397460936,0.917
native_int32,504,10.0,10.002245707437396,18284,0.27962016684322033,0.3223368530273438,0.907
native_int32,504,20.0,20.002328982576728,32847,0.25769347523834746,0.27428155517578123,0.922
native_int32,504,30.0,30.00334651581943,47073,0.24596363546080507,0.25817318725585936,0.928
native_int32,504,60.0,60.00429195538163,84220,0.22588754634533897,0.23616696166992188,0.933
native_int32,504,120.0,120.00422333460301,133505,0.2194965737552966,0.23140499877929688,0.93
native_int32,504,180.0,180.00205608364195,182349,0.2131410387976695,0.23761941528320313,0.933
native_int32,504,240.0,240.00255420338362,231771,0.21449834480932203,0.2380521240234375,0.93
native_int32,504,360.0,360.0026030195877,329347,0.20913317664194916,0.21951005554199218,0.935
native_int32,504,480.0,480.00276278238744,428494,0.20432069319385593,0.21536854553222656,0.938
native_int32,504,600.0,600.0030762692913,526861,0.20147785354872882,0.22210333251953124,0.935
native_noconf,504,0.0,0.0614119041711092,0,2.66967531779661,2.715395751953125,0.127
native_noconf,504,5.0,5.002240191213787,8600,0.3350919623940678,0.34918914794921874,0.908
native_noconf,504,10.0,10.002906983718276,15841,0.3057440744173729,0.32073394775390623,0.909
native_noconf,504,20.0,20.003049426712096,24422,0.27607979674258476,0.30171697998046876,0.911
native_noconf,504,30.0,30.002275538630784,32666,0.2662746292372881,0.30561080932617185,0.915
native_noconf,504,60.0,60.003183484077454,57541,0.2532312797934322,0.28664450073242187,0.918
native_noconf,504,120.0,120.00284789595753,105901,0.2377805217161017,0.2684493408203125,0.93
native_noconf,504,180.0,180.00504529941827,154817,0.2333270656779661,0.26140078735351563,0.927
native_noconf,504,240.0,240.00247346702963,203537,0.22344744769597458,0.24461264038085936,0.933
native_noconf,504,360.0,360.00246930960566,301860,0.22161299986758476,0.23787908935546875,0.937
native_noconf,504,480.0,480.00280670728534,400097,0.22209128376588982,0.24735304260253907,0.934
native_noconf,504,600.0,600.0026719616726,498391,0.21422161347987287,0.2512870635986328,0.936
