method,seed,reused,commit,seconds,rounds,train_loss,validation_loss,validation_accuracy,test_loss,test_accuracy,final_batch,confidence_bytes
native_int32,500,False,5b00172276df1ab961dc50009d504bd9c5e587e8,600.0022738007829,507381,0.21355076469809323,0.21389617919921874,0.937,0.20229866943359376,0.9421,16384,31312
native_noconf,500,False,5b00172276df1ab961dc50009d504bd9c5e587e8,600.0021951803938,499860,0.22244195246292373,0.22669602966308594,0.935,0.2129704833984375,0.9372,16384,0
native_int32,501,False,5b00172276df1ab961dc50009d504bd9c5e587e8,600.006387363188,506080,0.19227019332627118,0.2214752197265625,0.937,0.19053328857421875,0.9424,16384,31312
native_noconf,501,False,5b00172276df1ab961dc50009d504bd9c5e587e8,600.0025485837832,331036,0.19424708686440678,0.2197515869140625,0.945,0.1859155029296875,0.9454,32768,0
native_int32,502,False,5b00172276df1ab961dc50009d504bd9c5e587e8,600.0022264281288,506403,0.2074560712394068,0.22149501037597658,0.932,0.199496630859375,0.943,16384,31312
native_noconf,502,False,5b00172276df1ab961dc50009d504bd9c5e587e8,600.0020639365539,506578,0.21855268471927966,0.2276776885986328,0.93,0.20556259765625,0.9406,16384,0
native_int32,503,False,5b00172276df1ab961dc50009d504bd9c5e587e8,600.0027363440022,513511,0.20974223715572035,0.219591064453125,0.935,0.2060368896484375,0.9429,16384,31312
native_noconf,503,False,5b00172276df1ab961dc50009d504bd9c5e587e8,600.0038123102859,506751,0.22389612023305086,0.24647109985351562,0.933,0.2155569091796875,0.9394,16384,0
native_int32,504,False,5b00172276df1ab961dc50009d504bd9c5e587e8,600.0030984543264,526861,0.20147785354872882,0.22210333251953124,0.935,0.19360771484375,0.9443,16384,31312
native_noconf,504,False,5b00172276df1ab961dc50009d504bd9c5e587e8,600.002694032155,498391,0.21422161347987287,0.2512870635986328,0.936,0.2057640625,0.9403,16384,0
