condition,seed,seconds,updates_or_rounds,lr,train_loss,validation_loss,validation_accuracy,test_loss,test_accuracy,parameters,ideal_inference_bytes,training_images,probe_images
adaptive,500,240.0029258718714,186263,,0.2248607488082627,0.24570233154296875,0.93,0.21412529296875,0.937,3914,1283,19856961344,174196992
fixed5000,500,240.0021207332611,466865,,0.24457420219809323,0.2550755615234375,0.924,0.2338689697265625,0.9335,3914,1283,24914240000,0
adam_b128,500,240.00111373700202,527885,0.003,0.06712130669416007,0.11147750091552734,0.965,0.09533348808288575,0.9693,3850,15400,67569280,0
adam_ste_b128,500,240.00172887835652,308388,0.001,0.39524875291727357,0.3855198974609375,0.889,0.3926863510131836,0.8913,3850,1536,39473664,0
adam_ste_b5000,500,240.00161190330982,191004,0.001,0.36352907988984706,0.40055776977539065,0.892,0.36923724822998044,0.8988,3850,1536,955020000,0
adaptive,501,240.00228052400053,196854,,0.19946740929555085,0.22154643249511718,0.939,0.19561641845703126,0.9421,3914,1283,20736321120,184274304
fixed5000,501,240.00219411216676,460051,,0.23590284030720338,0.25486976623535157,0.925,0.22391240234375,0.9351,3914,1283,25080445000,0
adam_b128,501,240.00104892347008,533906,0.003,0.06701529738862635,0.11216120147705078,0.962,0.10134183387756347,0.9683,3850,15400,68339968,0
adam_ste_b128,501,240.0014188932255,325818,0.001,0.3821865756794558,0.4174598999023437,0.877,0.3889880615234375,0.89,3850,1536,41704704,0
adam_ste_b5000,501,240.00197601504624,113685,0.001,0.5180381831799523,0.5428413696289063,0.856,0.54771875,0.8543,3850,1536,568425000,0
adaptive,502,240.00294522568583,201659,,0.2150036579713983,0.23582701110839843,0.933,0.2080227294921875,0.939,3914,1283,20452733248,181316608
fixed5000,502,240.00261579733342,467860,,0.23670888506355933,0.256976806640625,0.928,0.2312290283203125,0.9326,3914,1283,24587975000,0
adam_b128,502,240.00081708002836,535034,0.003,0.07102158148814056,0.12806912231445314,0.961,0.10525588912963867,0.9658,3850,15400,68484352,0
adam_ste_b128,502,240.0016037952155,351254,0.001,0.3499138201697398,0.41166336059570313,0.89,0.34001415100097654,0.9028,3850,1536,44960512,0
adam_ste_b5000,502,240.00207741186023,191967,0.001,0.43014260812533106,0.46288204956054685,0.881,0.43646431884765624,0.8805,3850,1536,959835000,0
