condition,seed,target,seconds,updates_or_rounds,train_loss,validation_loss,validation_accuracy
adaptive,500,0.0,0.05240129213780165,0,2.7905209216101694,2.792145751953125,0.082
adaptive,500,5.0,5.002193939872086,9360,0.3231696570444915,0.3504422607421875,0.905
adaptive,500,10.0,10.002229331061244,15770,0.28948493776483053,0.3182409362792969,0.914
adaptive,500,20.0,20.00300049688667,28818,0.2586208454713983,0.2809734802246094,0.926
adaptive,500,30.0,30.00411741156131,36480,0.2505021682997881,0.26887576293945314,0.928
adaptive,500,60.0,60.00240289606154,59590,0.24099139300847458,0.2599571533203125,0.933
adaptive,500,120.0,120.00241430196911,100642,0.23112685381355932,0.25901446533203126,0.925
adaptive,500,180.0,180.00267771352082,140323,0.2282998046875,0.25101507568359377,0.93
adaptive,500,240.0,240.00290420930833,186263,0.2248607488082627,0.24570233154296875,0.93
fixed5000,500,0.0,0.051902346312999725,0,2.7905209216101694,2.792145751953125,0.082
fixed5000,500,5.0,5.002266031689942,8699,0.324092624470339,0.3223639831542969,0.914
fixed5000,500,10.0,10.002162216231227,18132,0.2869150556144068,0.3000230712890625,0.925
fixed5000,500,20.0,20.00222042389214,37798,0.27413994637182204,0.2947466125488281,0.922
fixed5000,500,30.0,30.00210674572736,57426,0.27188041247351696,0.2785235900878906,0.919
fixed5000,500,60.0,60.00230001471937,114651,0.24801112288135593,0.2701517028808594,0.927
fixed5000,500,120.0,120.00311700906605,232046,0.24680592889300848,0.26553350830078126,0.918
fixed5000,500,180.0,180.00405670143664,349345,0.2464313923463983,0.25306497192382815,0.932
fixed5000,500,240.0,240.00209790933877,466865,0.24457420219809323,0.2550755615234375,0.924
adam_b128,500,0.0,0.0013851616531610489,0,2.6711297172934323,2.6970576171875,0.158
adam_b128,500,5.0,5.000828443095088,10354,0.10926512417550814,0.13695191955566408,0.962
adam_b128,500,10.0,10.000918941572309,21407,0.08821465198064254,0.12526840209960938,0.963
adam_b128,500,20.0,20.001116258092225,43730,0.07768138510493909,0.11378712463378907,0.963
adam_b128,500,30.0,30.000983427278697,66174,0.0765443810285148,0.11992878723144532,0.966
adam_b128,500,60.0,60.00110262725502,131671,0.07478544461525093,0.10799397277832032,0.969
adam_b128,500,120.0,120.00081413052976,261912,0.07356996212975453,0.12923191833496095,0.958
adam_b128,500,180.0,180.00099352095276,395397,0.06970520142377433,0.10873008728027343,0.971
adam_b128,500,240.0,240.0010910751298,527885,0.06712130669416007,0.11147750091552734,0.965
adam_ste_b128,500,0.0,0.0016012731939554214,0,2.6210225850768007,2.64950634765625,0.088
adam_ste_b128,500,5.0,5.001327466219664,7203,0.2452900020793333,0.2611704406738281,0.921
adam_ste_b128,500,10.0,10.002365164458752,14081,0.2954703291553562,0.3178857421875,0.898
adam_ste_b128,500,20.0,20.00142014399171,26720,0.26115272677146784,0.2591673583984375,0.928
adam_ste_b128,500,30.0,30.002100409939885,39341,0.300863662461103,0.31449334716796873,0.913
adam_ste_b128,500,60.0,60.0022518504411,77251,0.3291774108369472,0.31123953247070313,0.905
adam_ste_b128,500,120.0,120.00146056711674,154185,0.34225637662208686,0.3962642517089844,0.892
adam_ste_b128,500,180.0,180.00174656882882,230900,0.36824076455326404,0.37151416015625,0.884
adam_ste_b128,500,240.0,240.00170536339283,308388,0.39524875291727357,0.3855198974609375,0.889
adam_ste_b5000,500,0.0,0.0016748569905757904,0,2.6210225850768007,2.64950634765625,0.088
adam_ste_b5000,500,5.0,5.002333372831345,3884,0.23120201964297538,0.26492733764648435,0.919
adam_ste_b5000,500,10.0,10.001361266709864,7903,0.24085420201188426,0.27108538818359373,0.909
adam_ste_b5000,500,20.0,20.001540828496218,16090,0.2686177986274331,0.231678955078125,0.928
adam_ste_b5000,500,30.0,30.002025246620178,24267,0.2627349312992419,0.2820511474609375,0.921
adam_ste_b5000,500,60.0,60.00140773039311,48582,0.39766824444269727,0.45557943725585937,0.881
adam_ste_b5000,500,120.0,120.00096725020558,95099,0.37201738907118975,0.39048193359375,0.89
adam_ste_b5000,500,180.0,180.00239416398108,143265,0.36632594299316407,0.3867033386230469,0.874
adam_ste_b5000,500,240.0,240.0015870835632,191004,0.36352907988984706,0.40055776977539065,0.892
adaptive,501,0.0,0.06085838843137026,0,2.5934139300847456,2.591638671875,0.11
adaptive,501,5.0,5.003169667907059,9484,0.28655107918432204,0.3082927856445313,0.909
adaptive,501,10.0,10.00208534579724,15987,0.2681072067002119,0.28238754272460936,0.918
adaptive,501,20.0,20.003391997888684,29171,0.24427631753177967,0.2707904052734375,0.921
adaptive,501,30.0,30.002193557098508,36914,0.2295380197298729,0.2554029083251953,0.929
adaptive,501,60.0,60.002283204346895,59802,0.21791505561440677,0.23861549377441407,0.93
adaptive,501,120.0,120.0019998922944,105348,0.20705071504237288,0.22294050598144532,0.941
adaptive,501,180.0,180.00479610729963,151381,0.20288349112817797,0.2248827362060547,0.938
adaptive,501,240.0,240.00225802417845,196854,0.19946740929555085,0.22154643249511718,0.939
fixed5000,501,0.0,0.058151137083768845,0,2.5934139300847456,2.591638671875,0.11
fixed5000,501,5.0,5.0019995821639895,9016,0.3161371822033898,0.34457659912109373,0.907
fixed5000,501,10.0,10.002283583395183,18390,0.2900262844279661,0.30567779541015627,0.915
fixed5000,501,20.0,20.002215619198978,37662,0.26780819650423726,0.27910488891601565,0.923
fixed5000,501,30.0,30.003703656606376,57217,0.2598138076006356,0.2690386962890625,0.921
fixed5000,501,60.0,60.00252528395504,113465,0.2461664956302966,0.26060592651367187,0.915
fixed5000,501,120.0,120.00228455197066,229368,0.24191856461864406,0.25992669677734376,0.924
fixed5000,501,180.0,180.00240345485508,345086,0.23647578456038135,0.2464342498779297,0.929
fixed5000,501,240.0,240.00217276159674,460051,0.23590284030720338,0.25486976623535157,0.925
adam_b128,501,0.0,0.0014010146260261536,0,2.591936051708157,2.575402587890625,0.094
adam_b128,501,5.0,5.000803747214377,11206,0.10045765362755726,0.1343704071044922,0.964
adam_b128,501,10.0,10.00085267610848,22256,0.08679203841645838,0.12922160339355468,0.96
adam_b128,501,20.0,20.0016176905483,44483,0.07613068958864373,0.12532086181640625,0.966
adam_b128,501,30.0,30.00145924463868,65281,0.07452419604285289,0.11308702087402343,0.965
adam_b128,501,60.0,60.00166540313512,132193,0.06880915916572183,0.12784142303466797,0.958
adam_b128,501,120.0,120.00109058152884,267031,0.07155067411519714,0.12433882141113281,0.962
adam_b128,501,180.0,180.0007272893563,400901,0.0673704463506149,0.12175404357910156,0.967
adam_b128,501,240.0,240.00102634262294,533906,0.06701529738862635,0.11216120147705078,0.962
adam_ste_b128,501,0.0,0.0015601031482219696,0,2.5224003533832096,2.50549365234375,0.088
adam_ste_b128,501,5.0,5.001184143126011,7491,0.2402637569621458,0.28894326782226565,0.912
adam_ste_b128,501,10.0,10.001238344237208,14952,0.2664415077597408,0.2704159851074219,0.921
adam_ste_b128,501,20.0,20.001756450161338,28580,0.2843013481528072,0.32435366821289063,0.903
adam_ste_b128,501,30.0,30.001249426044524,41720,0.271418867725437,0.2989637756347656,0.908
adam_ste_b128,501,60.0,60.001549070701,81935,0.3437303746110302,0.37137530517578127,0.891
adam_ste_b128,501,120.0,120.00151530839503,163346,0.3139970160015559,0.31671435546875,0.919
adam_ste_b128,501,180.0,180.00139904860407,243913,0.36813611357090836,0.3946750793457031,0.897
adam_ste_b128,501,240.0,240.00139629468322,325818,0.3821865756794558,0.4174598999023437,0.877
adam_ste_b5000,501,0.0,0.0018676072359085083,0,2.5224003533832096,2.50549365234375,0.088
adam_ste_b5000,501,5.0,5.002220190130174,4023,0.24829363832635395,0.265844482421875,0.919
adam_ste_b5000,501,10.0,10.001736304722726,8004,0.23816666502871756,0.2942200927734375,0.917
adam_ste_b5000,501,20.0,20.002953798510134,16020,0.2557849721100371,0.28205767822265626,0.914
adam_ste_b5000,501,30.0,30.002603474073112,20554,0.2978456767453986,0.3223209228515625,0.905
adam_ste_b5000,501,60.0,60.00268867705017,33965,0.3390045274637513,0.42881063842773437,0.887
adam_ste_b5000,501,120.0,120.00221868790686,60426,0.3199633051985401,0.34831631469726565,0.9
adam_ste_b5000,501,180.0,180.00212387554348,86814,0.36707937622070314,0.39368218994140625,0.891
adam_ste_b5000,501,240.0,240.00195127911866,113685,0.5180381831799523,0.5428413696289063,0.856
adaptive,502,0.0,0.05386288743466139,0,2.7386059322033898,2.72783056640625,0.127
adaptive,502,5.0,5.002049905247986,10246,0.304159858315678,0.3153851318359375,0.915
adaptive,502,10.0,10.002293596044183,16730,0.27891922669491526,0.295372802734375,0.92
adaptive,502,20.0,20.001994618214667,30253,0.26007368908898304,0.28156759643554685,0.922
adaptive,502,30.0,30.00346007104963,43856,0.2505135891154661,0.271520263671875,0.924
adaptive,502,60.0,60.004120458848774,66648,0.2343645888506356,0.25854531860351565,0.922
adaptive,502,120.0,120.0024217069149,111077,0.22247083554025424,0.2522281646728516,0.925
adaptive,502,180.0,180.00484903156757,156589,0.21990704449152543,0.24583741760253905,0.931
adaptive,502,240.0,240.0029233172536,201659,0.2150036579713983,0.23582701110839843,0.933
fixed5000,502,0.0,0.053070575930178165,0,2.7386059322033898,2.72783056640625,0.127
fixed5000,502,5.0,5.0020918771624565,9063,0.32142048463983053,0.33349081420898435,0.909
fixed5000,502,10.0,10.00220908317715,19397,0.2900142015360169,0.3195591735839844,0.909
fixed5000,502,20.0,20.002136493101716,39075,0.2750712063029661,0.29859771728515627,0.914
fixed5000,502,30.0,30.002006283961236,58240,0.27181114274364404,0.2893492126464844,0.919
fixed5000,502,60.0,60.002141271717846,116445,0.259474758342161,0.28310198974609374,0.926
fixed5000,502,120.0,120.00203646998852,234114,0.24877247748940678,0.2752872314453125,0.921
fixed5000,502,180.0,180.00207568705082,351679,0.23873463983050847,0.2740650634765625,0.915
fixed5000,502,240.0,240.0025941496715,467860,0.23670888506355933,0.256976806640625,0.928
adam_b128,502,0.0,0.0014026518911123276,0,2.675321599410752,2.6606748046875,0.149
adam_b128,502,5.0,5.001561215147376,11233,0.09591946352942515,0.15272509765625,0.963
adam_b128,502,10.0,10.000874219462276,22355,0.09258282942691091,0.15230548095703125,0.961
adam_b128,502,20.0,20.000959787517786,44833,0.0816998281963801,0.14780691528320314,0.957
adam_b128,502,30.0,30.000878162682056,66970,0.08260240858692233,0.14726930236816407,0.959
adam_b128,502,60.0,60.00094573944807,133846,0.07131902811082742,0.12938706970214844,0.969
adam_b128,502,120.0,120.00101605430245,267978,0.07313954350099726,0.11886392211914062,0.97
adam_b128,502,180.0,180.00135433580726,401825,0.07660263242559918,0.12399530792236328,0.961
adam_b128,502,240.0,240.00079416949302,535034,0.07102158148814056,0.12806912231445314,0.961
adam_ste_b128,502,0.0,0.0015461249276995659,0,2.592251286910752,2.571989013671875,0.128
adam_ste_b128,502,5.0,5.001272494904697,7341,0.2546890905347921,0.2873484497070313,0.915
adam_ste_b128,502,10.0,10.000952213071287,14662,0.23968287270756092,0.27896234130859376,0.919
adam_ste_b128,502,20.0,20.00125025305897,28417,0.271359821384236,0.29139599609375,0.911
adam_ste_b128,502,30.0,30.001071088947356,43053,0.2899753381761454,0.32163922119140625,0.899
adam_ste_b128,502,60.0,60.00108578801155,85603,0.37572457756430416,0.4370155029296875,0.877
adam_ste_b128,502,120.0,120.0009972602129,174431,0.3931539257502152,0.4095562744140625,0.878
adam_ste_b128,502,180.0,180.0014747446403,263332,0.3684454674155025,0.37504428100585935,0.897
adam_ste_b128,502,240.0,240.001574809663,351254,0.3499138201697398,0.41166336059570313,0.89
adam_ste_b5000,502,0.0,0.0016482379287481308,0,2.592251286910752,2.571989013671875,0.128
adam_ste_b5000,502,5.0,5.0010416666045785,3723,0.225433373402741,0.2543125457763672,0.919
adam_ste_b5000,502,10.0,10.002550404518843,7629,0.2894876755536613,0.3085623779296875,0.908
adam_ste_b5000,502,20.0,20.001265441067517,15637,0.27380202807410287,0.2727864990234375,0.915
adam_ste_b5000,502,30.0,30.001383621245623,23691,0.2913303776110633,0.3135796813964844,0.92
adam_ste_b5000,502,60.0,60.00249637570232,47809,0.48487065926244705,0.4552993469238281,0.869
adam_ste_b5000,502,120.0,120.00098072551191,96224,0.3898141476905952,0.4212723388671875,0.889
adam_ste_b5000,502,180.0,180.0010382886976,144558,0.3928575506695246,0.42105697631835937,0.882
adam_ste_b5000,502,240.0,240.00205251853913,191967,0.43014260812533106,0.46288204956054685,0.881
