condition,seed,seconds,validation_loss,test_accuracy
adaptive,500,240.00290420930833,0.24570233154296875,0.937
adam_b128,500,60.00110262725502,0.10799397277832032,0.9678
adam_ste_b128,500,20.00142014399171,0.2591673583984375,0.9222
adam_ste_b5000,500,20.001540828496218,0.231678955078125,0.9174
adaptive,501,240.00225802417845,0.22154643249511718,0.9421
adam_b128,501,240.00102634262294,0.11216120147705078,0.9683
adam_ste_b128,501,10.001238344237208,0.2704159851074219,0.9193
adam_ste_b5000,501,5.002220190130174,0.265844482421875,0.9228
adaptive,502,240.0029233172536,0.23582701110839843,0.939
adam_b128,502,120.00101605430245,0.11886392211914062,0.9653
adam_ste_b128,502,10.000952213071287,0.27896234130859376,0.9231
adam_ste_b5000,502,5.0010416666045785,0.2543125457763672,0.9323
