condition,seed,target,layer,norm,max_abs,alpha_mean,zero_fraction,relative_error
adam_ste_b128,500,0.0,hidden,11.184273719787598,0.3498404622077942,0.2336326688528061,0.35140305757522583,0.3318203091621399
adam_ste_b128,500,0.0,output,4.0959906578063965,0.2835419476032257,0.19049231708049774,0.3609375059604645,0.3340941369533539
adam_ste_b128,500,5.0,hidden,13.671838760375977,0.7441530227661133,0.2846969962120056,0.4017857015132904,0.4223915934562683
adam_ste_b128,500,5.0,output,6.738598346710205,0.7231020927429199,0.3150481879711151,0.4000000059604645,0.40156090259552
adam_ste_b128,500,10.0,hidden,14.851677894592285,1.034460425376892,0.30692851543426514,0.4253826439380646,0.44775858521461487
adam_ste_b128,500,10.0,output,7.999024391174316,0.9720016717910767,0.3675681948661804,0.39375001192092896,0.4219156801700592
adam_ste_b128,500,20.0,hidden,16.545623779296875,1.3711326122283936,0.34064117074012756,0.4368622303009033,0.485063761472702
adam_ste_b128,500,20.0,output,9.866331100463867,1.311214566230774,0.4536362588405609,0.41874998807907104,0.45887231826782227
adam_ste_b128,500,30.0,hidden,17.812711715698242,1.722386121749878,0.3635038137435913,0.44610968232154846,0.5107579827308655
adam_ste_b128,500,30.0,output,11.240402221679688,1.5733503103256226,0.5097888708114624,0.41874998807907104,0.4834226071834564
adam_ste_b128,500,60.0,hidden,21.073902130126953,2.4590530395507812,0.4248809814453125,0.47640305757522583,0.5653391480445862
adam_ste_b128,500,60.0,output,14.075753211975098,2.1103765964508057,0.630300760269165,0.4375,0.5216558575630188
adam_ste_b128,500,120.0,hidden,25.03023338317871,2.8799052238464355,0.5065556764602661,0.5130739808082581,0.6102560758590698
adam_ste_b128,500,120.0,output,16.615921020507812,2.7380075454711914,0.7264977693557739,0.4375,0.5554340481758118
adam_ste_b128,500,180.0,hidden,26.411094665527344,3.4681589603424072,0.5414119958877563,0.5338010191917419,0.6206225156784058
adam_ste_b128,500,180.0,output,17.338537216186523,2.7971253395080566,0.7507925033569336,0.4312500059604645,0.5607579946517944
adam_ste_b128,500,240.0,hidden,26.56842613220215,3.530811071395874,0.5423412322998047,0.5315688848495483,0.6226295232772827
adam_ste_b128,500,240.0,output,17.41660499572754,2.782945156097412,0.7573961615562439,0.4375,0.5620684027671814
adam_ste_b128,501,0.0,hidden,11.342954635620117,0.349510133266449,0.2368668019771576,0.34853315353393555,0.3264550566673279
adam_ste_b128,501,0.0,output,4.046048164367676,0.28374868631362915,0.1886000633239746,0.3609375059604645,0.3325306475162506
adam_ste_b128,501,5.0,hidden,13.861505508422852,0.7897320985794067,0.2895972430706024,0.39827805757522583,0.4170222878456116
adam_ste_b128,501,5.0,output,6.7819929122924805,0.6749529242515564,0.31253108382225037,0.3921875059604645,0.41228166222572327
adam_ste_b128,501,10.0,hidden,15.04816722869873,1.0376754999160767,0.3125843107700348,0.4094387888908386,0.444537490606308
adam_ste_b128,501,10.0,output,8.05079460144043,0.9164038896560669,0.3740268051624298,0.40625,0.419016033411026
adam_ste_b128,501,20.0,hidden,16.799741744995117,1.503757357597351,0.34892505407333374,0.4352678656578064,0.4817131757736206
adam_ste_b128,501,20.0,output,10.10688591003418,1.5042085647583008,0.45758962631225586,0.40625,0.4658319354057312
adam_ste_b128,501,30.0,hidden,18.094907760620117,1.8212932348251343,0.37360990047454834,0.4464285671710968,0.5065175890922546
adam_ste_b128,501,30.0,output,11.788753509521484,1.8525302410125732,0.5313452482223511,0.4234375059604645,0.4959277808666229
adam_ste_b128,501,60.0,hidden,21.041400909423828,2.882761240005493,0.43124115467071533,0.46906888484954834,0.5484911203384399
adam_ste_b128,501,60.0,output,15.073880195617676,2.5836877822875977,0.6637998819351196,0.42500001192092896,0.5310503244400024
adam_ste_b128,501,120.0,hidden,24.617923736572266,3.8650829792022705,0.50434410572052,0.5044642686843872,0.5907440185546875
adam_ste_b128,501,120.0,output,17.620439529418945,3.196599245071411,0.7863351106643677,0.44843751192092896,0.5446133017539978
adam_ste_b128,501,180.0,hidden,25.917600631713867,4.070162296295166,0.5224383473396301,0.5057398080825806,0.606389582157135
adam_ste_b128,501,180.0,output,18.16569709777832,3.234736680984497,0.8033749461174011,0.44218748807907104,0.5470719933509827
adam_ste_b128,501,240.0,hidden,26.050765991210938,4.088274002075195,0.5266128182411194,0.5079719424247742,0.606989324092865
adam_ste_b128,501,240.0,output,18.211021423339844,3.233067750930786,0.809118390083313,0.4453125,0.5459858179092407
adam_ste_b128,502,0.0,hidden,11.248625755310059,0.34983035922050476,0.2339155077934265,0.3472576439380646,0.3322468400001526
adam_ste_b128,502,0.0,output,4.162197113037109,0.2846381366252899,0.1922801285982132,0.3515625,0.33435866236686707
adam_ste_b128,502,5.0,hidden,13.578592300415039,0.7952609062194824,0.28433823585510254,0.39859694242477417,0.41357120871543884
adam_ste_b128,502,5.0,output,6.795313358306885,0.7639873027801514,0.3128795623779297,0.3828125,0.4018903374671936
adam_ste_b128,502,10.0,hidden,14.884902000427246,1.029127836227417,0.31148087978363037,0.4180484712123871,0.44658222794532776
adam_ste_b128,502,10.0,output,8.076996803283691,1.089022159576416,0.3748006224632263,0.3984375,0.41085490584373474
adam_ste_b128,502,20.0,hidden,16.85582733154297,1.2676559686660767,0.3448113799095154,0.4263392984867096,0.4960433542728424
adam_ste_b128,502,20.0,output,10.098665237426758,1.4897704124450684,0.4647580087184906,0.41874998807907104,0.45788493752479553
adam_ste_b128,502,30.0,hidden,18.365066528320312,1.6711561679840088,0.37412136793136597,0.4480229616165161,0.5285113453865051
adam_ste_b128,502,30.0,output,11.624436378479004,1.711946725845337,0.5306285619735718,0.42656248807907104,0.4833036959171295
adam_ste_b128,502,60.0,hidden,21.584331512451172,2.4744529724121094,0.4363926351070404,0.47640305757522583,0.574201226234436
adam_ste_b128,502,60.0,output,14.46605396270752,2.314016342163086,0.6524461507797241,0.44843751192092896,0.5287060737609863
adam_ste_b128,502,120.0,hidden,25.2216739654541,3.065500259399414,0.5162822008132935,0.5175382494926453,0.6089386940002441
adam_ste_b128,502,120.0,output,17.18796730041504,3.019373655319214,0.7588077783584595,0.4515624940395355,0.5606594681739807
adam_ste_b128,502,180.0,hidden,26.480161666870117,3.368021011352539,0.5387861132621765,0.5216836929321289,0.618881344795227
adam_ste_b128,502,180.0,output,17.8408203125,3.146456003189087,0.7779653668403625,0.44843751192092896,0.569129467010498
adam_ste_b128,502,240.0,hidden,26.614015579223633,3.419347047805786,0.5427858233451843,0.5271046161651611,0.6198575496673584
adam_ste_b128,502,240.0,output,17.900569915771484,3.16631817817688,0.7757643461227417,0.4375,0.568729043006897
adam_ste_b5000,500,0.0,hidden,11.184273719787598,0.3498404622077942,0.2336326688528061,0.35140305757522583,0.3318203091621399
adam_ste_b5000,500,0.0,output,4.0959906578063965,0.2835419476032257,0.19049231708049774,0.3609375059604645,0.3340941369533539
adam_ste_b5000,500,5.0,hidden,13.417187690734863,0.671158492565155,0.2833095192909241,0.4100765287876129,0.41188597679138184
adam_ste_b5000,500,5.0,output,6.376670837402344,0.5931203961372375,0.3076075315475464,0.43281251192092896,0.39347049593925476
adam_ste_b5000,500,10.0,hidden,14.956881523132324,0.8936082124710083,0.3115943372249603,0.4250637888908386,0.44256216287612915
adam_ste_b5000,500,10.0,output,7.780216217041016,0.7494630217552185,0.3687218725681305,0.4156250059604645,0.39847496151924133
adam_ste_b5000,500,20.0,hidden,17.312639236450195,1.40902578830719,0.3543750047683716,0.4381377696990967,0.49638208746910095
adam_ste_b5000,500,20.0,output,9.897492408752441,1.1675077676773071,0.45497721433639526,0.40937501192092896,0.4477807581424713
adam_ste_b5000,500,30.0,hidden,18.411348342895508,1.6667249202728271,0.3741762042045593,0.4486607015132904,0.5211395621299744
adam_ste_b5000,500,30.0,output,10.845417976379395,1.3363661766052246,0.4989105761051178,0.4281249940395355,0.47202521562576294
adam_ste_b5000,500,60.0,hidden,21.06631088256836,2.303527355194092,0.424600213766098,0.47130101919174194,0.5633063316345215
adam_ste_b5000,500,60.0,output,12.917621612548828,1.8296540975570679,0.5885833501815796,0.4453125,0.5090171098709106
adam_ste_b5000,500,120.0,hidden,24.92597770690918,3.2233195304870605,0.5029938220977783,0.5082908272743225,0.6037389039993286
adam_ste_b5000,500,120.0,output,15.343856811523438,2.462245225906372,0.6803131103515625,0.4468750059604645,0.5477396845817566
adam_ste_b5000,500,180.0,hidden,27.09722328186035,3.7455716133117676,0.5501018762588501,0.5251913070678711,0.6185576319694519
adam_ste_b5000,500,180.0,output,16.359621047973633,2.609466791152954,0.721226692199707,0.453125,0.5609961152076721
adam_ste_b5000,500,240.0,hidden,28.170425415039062,3.91507887840271,0.5758167505264282,0.5369898080825806,0.6249926686286926
adam_ste_b5000,500,240.0,output,16.807109832763672,2.6884710788726807,0.7507606148719788,0.46562498807907104,0.5633233785629272
adam_ste_b5000,501,0.0,hidden,11.342954635620117,0.349510133266449,0.2368668019771576,0.34853315353393555,0.3264550566673279
adam_ste_b5000,501,0.0,output,4.046048164367676,0.28374868631362915,0.1886000633239746,0.3609375059604645,0.3325306475162506
adam_ste_b5000,501,5.0,hidden,13.816134452819824,0.6892374753952026,0.28929176926612854,0.39764031767845154,0.4141751229763031
adam_ste_b5000,501,5.0,output,6.540491104125977,0.6132655143737793,0.3070363402366638,0.40625,0.4032192528247833
adam_ste_b5000,501,10.0,hidden,15.467669486999512,0.9699649214744568,0.32123100757598877,0.4084821343421936,0.44536644220352173
adam_ste_b5000,501,10.0,output,8.013047218322754,0.9366041421890259,0.37075692415237427,0.3968749940395355,0.4130096435546875
adam_ste_b5000,501,20.0,hidden,17.831430435180664,1.398385763168335,0.36626821756362915,0.43048468232154846,0.49479907751083374
adam_ste_b5000,501,20.0,output,10.353431701660156,1.3972079753875732,0.47213491797447205,0.4046874940395355,0.45063862204551697
adam_ste_b5000,501,30.0,hidden,19.348283767700195,1.789182186126709,0.3984951376914978,0.4563137888908386,0.5243512988090515
adam_ste_b5000,501,30.0,output,12.073249816894531,1.728836178779602,0.5483195781707764,0.4281249940395355,0.4890492558479309
adam_ste_b5000,501,60.0,hidden,22.834095001220703,2.6156129837036133,0.4717501997947693,0.4968112111091614,0.570991575717926
adam_ste_b5000,501,60.0,output,14.94577693939209,2.1610560417175293,0.6477565765380859,0.4203124940395355,0.5452408194541931
adam_ste_b5000,501,120.0,hidden,26.816600799560547,3.7610831260681152,0.5508776903152466,0.5267857313156128,0.6091476082801819
adam_ste_b5000,501,120.0,output,17.277179718017578,2.5232150554656982,0.7452041506767273,0.4390625059604645,0.5723018050193787
adam_ste_b5000,501,180.0,hidden,27.875102996826172,4.081357479095459,0.5755447149276733,0.5373086929321289,0.6165291666984558
adam_ste_b5000,501,180.0,output,17.818838119506836,2.7027621269226074,0.7739930152893066,0.4453125,0.5736417174339294
adam_ste_b5000,501,240.0,hidden,27.956144332885742,4.103476047515869,0.5793900489807129,0.5395408272743225,0.6162078976631165
adam_ste_b5000,501,240.0,output,17.856510162353516,2.7199153900146484,0.7635732889175415,0.4296875,0.5738454461097717
adam_ste_b5000,502,0.0,hidden,11.248625755310059,0.34983035922050476,0.2339155077934265,0.3472576439380646,0.3322468400001526
adam_ste_b5000,502,0.0,output,4.162197113037109,0.2846381366252899,0.1922801285982132,0.3515625,0.33435866236686707
adam_ste_b5000,502,5.0,hidden,13.52684211730957,0.7006207704544067,0.28321602940559387,0.3944515287876129,0.40935999155044556
adam_ste_b5000,502,5.0,output,6.686858654022217,0.700695276260376,0.3117316961288452,0.390625,0.3892708718776703
adam_ste_b5000,502,10.0,hidden,15.245287895202637,0.9449756741523743,0.3176722526550293,0.4145408272743225,0.4471619427204132
adam_ste_b5000,502,10.0,output,8.204730987548828,1.0149565935134888,0.37594377994537354,0.3843750059604645,0.41147083044052124
adam_ste_b5000,502,20.0,hidden,17.747970581054688,1.4075578451156616,0.36529794335365295,0.4390943944454193,0.5006109476089478
adam_ste_b5000,502,20.0,output,10.567547798156738,1.491970181465149,0.4805280566215515,0.4046874940395355,0.4570392668247223
adam_ste_b5000,502,30.0,hidden,19.619993209838867,1.852206826210022,0.4044921100139618,0.4671556055545807,0.5357547998428345
adam_ste_b5000,502,30.0,output,12.321409225463867,1.7780500650405884,0.5624822378158569,0.4281249940395355,0.48793771862983704
adam_ste_b5000,502,60.0,hidden,23.3342342376709,2.939213752746582,0.47152355313301086,0.49011480808258057,0.5925862193107605
adam_ste_b5000,502,60.0,output,15.631592750549316,2.3730053901672363,0.6921796798706055,0.4437499940395355,0.5425668358802795
adam_ste_b5000,502,120.0,hidden,27.55398178100586,3.8014771938323975,0.5588853359222412,0.5318877696990967,0.631201982498169
adam_ste_b5000,502,120.0,output,17.85059356689453,2.9375460147857666,0.7770217061042786,0.4625000059604645,0.5834963321685791
adam_ste_b5000,502,180.0,hidden,28.520708084106445,4.010936260223389,0.5803324580192566,0.5440050959587097,0.6383815407752991
adam_ste_b5000,502,180.0,output,18.33751678466797,3.1120076179504395,0.8106065988540649,0.47968751192092896,0.5881752967834473
adam_ste_b5000,502,240.0,hidden,28.592853546142578,4.028359413146973,0.5784639120101929,0.5411351919174194,0.6399738788604736
adam_ste_b5000,502,240.0,output,18.376113891601562,3.1269683837890625,0.8103825449943542,0.4781250059604645,0.5885157585144043
adam_lsq_b128,500,0.0,hidden,11.184273719787598,0.3498404622077942,0.3448984622955322,0.5028699040412903,0.5053728222846985
adam_lsq_b128,500,0.0,output,4.0959906578063965,0.2835419476032257,0.2777898907661438,0.512499988079071,0.4928465485572815
adam_lsq_b128,500,5.0,hidden,14.33257007598877,0.7302737236022949,0.4059411883354187,0.49744898080825806,0.49296990036964417
adam_lsq_b128,500,5.0,output,8.99298095703125,0.6860663294792175,0.5406841039657593,0.45625001192092896,0.466412216424942
adam_lsq_b128,500,10.0,hidden,14.451342582702637,0.7109799981117249,0.3848326504230499,0.4435586631298065,0.4651937484741211
adam_lsq_b128,500,10.0,output,10.726317405700684,0.7321898937225342,0.6120454668998718,0.3890624940395355,0.44122442603111267
adam_lsq_b128,500,20.0,hidden,14.023423194885254,0.7095872759819031,0.3553069829940796,0.40497449040412903,0.4386354684829712
adam_lsq_b128,500,20.0,output,12.128803253173828,0.7559182047843933,0.6453489065170288,0.29374998807907104,0.40900710225105286
adam_lsq_b128,500,30.0,hidden,13.795899391174316,0.6811846494674683,0.3383060395717621,0.38584184646606445,0.42106741666793823
adam_lsq_b128,500,30.0,output,12.707381248474121,0.7672802805900574,0.6613683700561523,0.2953124940395355,0.39944130182266235
adam_lsq_b128,500,60.0,hidden,13.639559745788574,0.6016935706138611,0.32779958844184875,0.3565050959587097,0.41115429997444153
adam_lsq_b128,500,60.0,output,13.647281646728516,0.8549924492835999,0.6896376609802246,0.2578125,0.3900575041770935
adam_lsq_b128,500,120.0,hidden,13.139886856079102,0.6323304176330566,0.3114488124847412,0.3498086631298065,0.4100654423236847
adam_lsq_b128,500,120.0,output,13.99850845336914,0.851399838924408,0.7003641128540039,0.24843749403953552,0.39567211270332336
adam_lsq_b128,500,180.0,hidden,12.900404930114746,0.5269581079483032,0.3054485321044922,0.3370535671710968,0.41483789682388306
adam_lsq_b128,500,180.0,output,14.294731140136719,0.8346041440963745,0.7139377593994141,0.23281249403953552,0.39597827196121216
adam_lsq_b128,500,240.0,hidden,12.87177848815918,0.5291162133216858,0.30449753999710083,0.3402423560619354,0.4149782955646515
adam_lsq_b128,500,240.0,output,14.334867477416992,0.8371987342834473,0.7158334851264954,0.25312501192092896,0.39648595452308655
adam_lsq_b128,501,0.0,hidden,11.342954635620117,0.349510133266449,0.35059821605682373,0.4964923560619354,0.5017497539520264
adam_lsq_b128,501,0.0,output,4.046048164367676,0.28374868631362915,0.2739754021167755,0.5078125,0.49213799834251404
adam_lsq_b128,501,5.0,hidden,14.31407642364502,0.6514317393302917,0.40823671221733093,0.4882015287876129,0.5012396574020386
adam_lsq_b128,501,5.0,output,8.93331241607666,0.6511483788490295,0.5350558757781982,0.44218748807907104,0.45274507999420166
adam_lsq_b128,501,10.0,hidden,14.327184677124023,0.6045212149620056,0.3831741213798523,0.43877550959587097,0.46117261052131653
adam_lsq_b128,501,10.0,output,10.64235782623291,0.6908953785896301,0.6032503843307495,0.3734374940395355,0.44528111815452576
adam_lsq_b128,501,20.0,hidden,14.039718627929688,0.5877594947814941,0.35122135281562805,0.3867984712123871,0.4231346845626831
adam_lsq_b128,501,20.0,output,12.23707103729248,0.7168663144111633,0.6475390195846558,0.328125,0.4077109098434448
adam_lsq_b128,501,30.0,hidden,13.890823364257812,0.5338063836097717,0.34266769886016846,0.3788265287876129,0.413980096578598
adam_lsq_b128,501,30.0,output,13.051206588745117,0.7382380962371826,0.6754042506217957,0.30156248807907104,0.40051937103271484
adam_lsq_b128,501,60.0,hidden,13.629488945007324,0.5329591631889343,0.3309865891933441,0.3526785671710968,0.41286778450012207
adam_lsq_b128,501,60.0,output,13.62692928314209,0.765531063079834,0.6805547475814819,0.2515625059604645,0.3855243921279907
adam_lsq_b128,501,120.0,hidden,13.225940704345703,0.47713056206703186,0.31600669026374817,0.3443877696990967,0.413448303937912
adam_lsq_b128,501,120.0,output,14.031889915466309,0.8043798208236694,0.6919857263565063,0.24062499403953552,0.3854159712791443
adam_lsq_b128,501,180.0,hidden,12.992382049560547,0.4781157970428467,0.3103196620941162,0.3399234712123871,0.412798136472702
adam_lsq_b128,501,180.0,output,14.294451713562012,0.8177780508995056,0.7087392210960388,0.23593750596046448,0.39218369126319885
adam_lsq_b128,501,240.0,hidden,12.961590766906738,0.47708848118782043,0.3092738389968872,0.3316326439380646,0.4128285348415375
adam_lsq_b128,501,240.0,output,14.326207160949707,0.8195388913154602,0.7102186679840088,0.24843749403953552,0.3930917978286743
adam_lsq_b128,502,0.0,hidden,11.248625755310059,0.34983035922050476,0.34766680002212524,0.5063775777816772,0.5086150765419006
adam_lsq_b128,502,0.0,output,4.162197113037109,0.2846381366252899,0.2863590121269226,0.484375,0.5194756388664246
adam_lsq_b128,502,5.0,hidden,14.209664344787598,0.6157614588737488,0.404337078332901,0.48533162474632263,0.48936358094215393
adam_lsq_b128,502,5.0,output,8.824426651000977,0.6554157137870789,0.5267127752304077,0.41874998807907104,0.4554583430290222
adam_lsq_b128,502,10.0,hidden,14.301326751708984,0.6732084155082703,0.3833026885986328,0.4524872303009033,0.4614616334438324
adam_lsq_b128,502,10.0,output,10.435652732849121,0.7143818140029907,0.5753663778305054,0.31562501192092896,0.43338698148727417
adam_lsq_b128,502,20.0,hidden,13.945319175720215,0.652320146560669,0.3521151840686798,0.4123086631298065,0.4267069101333618
adam_lsq_b128,502,20.0,output,11.937952041625977,0.719120979309082,0.6183499097824097,0.28437501192092896,0.4004969298839569
adam_lsq_b128,502,30.0,hidden,13.805041313171387,0.5371777415275574,0.3420450687408447,0.4011479616165161,0.4205852150917053
adam_lsq_b128,502,30.0,output,12.849654197692871,0.7553533911705017,0.6574170589447021,0.27656251192092896,0.38947823643684387
adam_lsq_b128,502,60.0,hidden,13.660650253295898,0.5222471356391907,0.33045947551727295,0.375,0.41732919216156006
adam_lsq_b128,502,60.0,output,13.570279121398926,0.8276023268699646,0.6857520341873169,0.27812498807907104,0.38139593601226807
adam_lsq_b128,502,120.0,hidden,13.257352828979492,0.5279508829116821,0.31663861870765686,0.3498086631298065,0.42118313908576965
adam_lsq_b128,502,120.0,output,14.03283977508545,0.8582819700241089,0.697839617729187,0.25468748807907104,0.37872907519340515
adam_lsq_b128,502,180.0,hidden,13.069718360900879,0.4719727635383606,0.3111511170864105,0.35522958636283875,0.42546895146369934
adam_lsq_b128,502,180.0,output,14.362910270690918,0.8634752035140991,0.7107056379318237,0.22812500596046448,0.3802492618560791
adam_lsq_b128,502,240.0,hidden,13.063920021057129,0.4677669405937195,0.31085431575775146,0.3571428656578064,0.4262903332710266
adam_lsq_b128,502,240.0,output,14.425536155700684,0.8621230721473694,0.7140871286392212,0.24375000596046448,0.37998053431510925
adam_lsq_b5000,500,0.0,hidden,11.184273719787598,0.3498404622077942,0.3448984622955322,0.5028699040412903,0.5053728222846985
adam_lsq_b5000,500,0.0,output,4.0959906578063965,0.2835419476032257,0.2777898907661438,0.512499988079071,0.4928465485572815
adam_lsq_b5000,500,5.0,hidden,14.389289855957031,0.6082848310470581,0.41047990322113037,0.4977678656578064,0.5039195418357849
adam_lsq_b5000,500,5.0,output,8.694091796875,0.6543949246406555,0.5409409999847412,0.4859375059604645,0.47062453627586365
adam_lsq_b5000,500,10.0,hidden,14.455169677734375,0.6232757568359375,0.3876449763774872,0.43494898080825806,0.4707832634449005
adam_lsq_b5000,500,10.0,output,10.71008586883545,0.7108479738235474,0.6057072877883911,0.38749998807907104,0.44028326869010925
adam_lsq_b5000,500,20.0,hidden,13.915931701660156,0.5990900993347168,0.3471602499485016,0.4008290767669678,0.4293038249015808
adam_lsq_b5000,500,20.0,output,12.348048210144043,0.761042594909668,0.6593442559242249,0.3109374940395355,0.4138677418231964
adam_lsq_b5000,500,30.0,hidden,13.602327346801758,0.5885310173034668,0.3346739113330841,0.3756377696990967,0.4265594482421875
adam_lsq_b5000,500,30.0,output,13.12151050567627,0.8628041744232178,0.6922107338905334,0.3140625059604645,0.41325733065605164
adam_lsq_b5000,500,60.0,hidden,13.484400749206543,0.6117209792137146,0.3245431184768677,0.3558673560619354,0.42068490386009216
adam_lsq_b5000,500,60.0,output,13.684103012084961,0.8085703253746033,0.6945390105247498,0.25468748807907104,0.39911237359046936
adam_lsq_b5000,500,120.0,hidden,13.350656509399414,0.5458065867424011,0.31595104932785034,0.3510841727256775,0.410113662481308
adam_lsq_b5000,500,120.0,output,13.96190357208252,0.818774938583374,0.7029393911361694,0.25312501192092896,0.39651766419410706
adam_lsq_b5000,500,180.0,hidden,13.308732032775879,0.5356280207633972,0.3155174255371094,0.34470662474632263,0.4141605496406555
adam_lsq_b5000,500,180.0,output,14.053427696228027,0.8206348419189453,0.7066332101821899,0.23125000298023224,0.4003700911998749
adam_lsq_b5000,500,240.0,hidden,13.309379577636719,0.5339480638504028,0.3155169188976288,0.35459184646606445,0.4146045446395874
adam_lsq_b5000,500,240.0,output,14.071833610534668,0.8212635517120361,0.707562267780304,0.24687500298023224,0.40094393491744995
adam_lsq_b5000,501,0.0,hidden,11.342954635620117,0.349510133266449,0.35059821605682373,0.4964923560619354,0.5017497539520264
adam_lsq_b5000,501,0.0,output,4.046048164367676,0.28374868631362915,0.2739754021167755,0.5078125,0.49213799834251404
adam_lsq_b5000,501,5.0,hidden,14.74167251586914,0.6277924180030823,0.41594329476356506,0.4760841727256775,0.5004658102989197
adam_lsq_b5000,501,5.0,output,8.610828399658203,0.6663451194763184,0.5321372747421265,0.44999998807907104,0.47784000635147095
adam_lsq_b5000,501,10.0,hidden,14.680011749267578,0.6333479881286621,0.3944517970085144,0.4375,0.4658409655094147
adam_lsq_b5000,501,10.0,output,10.251358032226562,0.7584813833236694,0.5758728384971619,0.375,0.4277327060699463
adam_lsq_b5000,501,20.0,hidden,14.107571601867676,0.5959252119064331,0.35735732316970825,0.3871173560619354,0.43265968561172485
adam_lsq_b5000,501,20.0,output,12.134089469909668,0.7716061472892761,0.6443109512329102,0.30937498807907104,0.4266550838947296
adam_lsq_b5000,501,30.0,hidden,13.747047424316406,0.5248430371284485,0.3385029435157776,0.37308672070503235,0.4165964424610138
adam_lsq_b5000,501,30.0,output,12.988229751586914,0.7664864659309387,0.670724630355835,0.2671875059604645,0.415275901556015
adam_lsq_b5000,501,60.0,hidden,13.501965522766113,0.5210564732551575,0.3244294822216034,0.34502550959587097,0.40928784012794495
adam_lsq_b5000,501,60.0,output,13.77381706237793,0.816186249256134,0.6953868269920349,0.24687500298023224,0.40195345878601074
adam_lsq_b5000,501,120.0,hidden,13.426114082336426,0.49643585085868835,0.320302814245224,0.3335459232330322,0.41205358505249023
adam_lsq_b5000,501,120.0,output,14.085840225219727,0.8419328331947327,0.6970353722572327,0.22187499701976776,0.39740070700645447
adam_lsq_b5000,501,180.0,hidden,13.337203025817871,0.4839797019958496,0.31777268648147583,0.3309949040412903,0.4103095829486847
adam_lsq_b5000,501,180.0,output,14.15450382232666,0.8344988226890564,0.7010995745658875,0.2265625,0.3990911543369293
adam_lsq_b5000,501,240.0,hidden,13.331104278564453,0.4857145845890045,0.3173375427722931,0.3316326439380646,0.41033056378364563
adam_lsq_b5000,501,240.0,output,14.159217834472656,0.8348662853240967,0.7012061476707458,0.22968749701976776,0.3994680345058441
adam_lsq_b5000,502,0.0,hidden,11.248625755310059,0.34983035922050476,0.34766680002212524,0.5063775777816772,0.5086150765419006
adam_lsq_b5000,502,0.0,output,4.162197113037109,0.2846381366252899,0.2863590121269226,0.484375,0.5194756388664246
adam_lsq_b5000,502,5.0,hidden,14.547200202941895,0.6310923099517822,0.419007807970047,0.4850127696990967,0.5063724517822266
adam_lsq_b5000,502,5.0,output,8.893606185913086,0.6514819264411926,0.5470505952835083,0.4453125,0.47164252400398254
adam_lsq_b5000,502,10.0,hidden,14.52015495300293,0.624478816986084,0.38954293727874756,0.44610968232154846,0.46579334139823914
adam_lsq_b5000,502,10.0,output,10.7474365234375,0.7525466084480286,0.6007188558578491,0.3515625,0.43599721789360046
adam_lsq_b5000,502,20.0,hidden,13.896018028259277,0.5282295942306519,0.35418546199798584,0.4068877696990967,0.43206214904785156
adam_lsq_b5000,502,20.0,output,12.2152099609375,0.7986214756965637,0.6461419463157654,0.3109374940395355,0.4092928171157837
adam_lsq_b5000,502,30.0,hidden,13.619752883911133,0.5582970976829529,0.3370548188686371,0.37308672070503235,0.41882649064064026
adam_lsq_b5000,502,30.0,output,12.93039321899414,0.7951264381408691,0.6633340120315552,0.26875001192092896,0.3953946530818939
adam_lsq_b5000,502,60.0,hidden,13.547286987304688,0.4909466803073883,0.32943040132522583,0.36352041363716125,0.41595667600631714
adam_lsq_b5000,502,60.0,output,13.824238777160645,0.8728405833244324,0.6942206621170044,0.24843749403953552,0.39845097064971924
adam_lsq_b5000,502,120.0,hidden,13.338881492614746,0.4682653248310089,0.31816691160202026,0.34853315353393555,0.4095839560031891
adam_lsq_b5000,502,120.0,output,13.99508285522461,0.8347311615943909,0.691834568977356,0.23749999701976776,0.39072468876838684
adam_lsq_b5000,502,180.0,hidden,13.303447723388672,0.47961780428886414,0.3176082670688629,0.3376913368701935,0.41308754682540894
adam_lsq_b5000,502,180.0,output,14.072688102722168,0.8358821272850037,0.6950582265853882,0.23593750596046448,0.39336058497428894
adam_lsq_b5000,502,240.0,hidden,13.286347389221191,0.4729043245315552,0.3170481324195862,0.3466199040412903,0.4126051962375641
adam_lsq_b5000,502,240.0,output,14.065014839172363,0.8379811644554138,0.694400429725647,0.234375,0.39344990253448486
