phase,condition,seed,schedule,lr,seconds,updates,train_loss,validation_loss,validation_accuracy
pilots,adam_b128,950,cosine,0.003,60.00087002851069,141711,0.06095843790345273,0.12018843841552734,0.965
pilots,adam_b128,951,cosine,0.003,60.000778873451054,140820,0.06109373732744637,0.11389041137695312,0.965
pilots,adam_ste_b128,950,constant,0.0001,60.001357357017696,92556,0.223289538884567,0.24342893981933594,0.934
pilots,adam_ste_b128,951,constant,0.0001,60.00128904078156,92868,0.2235903727644581,0.2579516906738281,0.915
pilots,adam_ste_b128,950,constant,0.001,60.00108283944428,92030,0.39075810991707494,0.4943639221191406,0.881
pilots,adam_ste_b128,951,constant,0.001,60.00105877034366,92740,0.4162783368644068,0.3978947448730469,0.882
pilots,adam_ste_b128,950,cosine,0.0003,60.00101414322853,92578,0.2199668577808445,0.26871456909179686,0.926
pilots,adam_ste_b128,951,cosine,0.0003,60.00152682419866,90735,0.2172280360076387,0.25722100830078126,0.924
pilots,adam_ste_b128,950,cosine,0.001,60.00154499523342,92315,0.2693307305028883,0.3157684020996094,0.909
pilots,adam_ste_b128,951,cosine,0.001,60.00134408287704,92848,0.2626572506144895,0.3023023681640625,0.916
pilots,adam_ste_b5000,950,constant,0.0001,60.00102623831481,51071,0.23977863298836402,0.26169830322265625,0.916
pilots,adam_ste_b5000,951,constant,0.0001,60.00109737645835,50013,0.2237413043005992,0.2567956237792969,0.923
pilots,adam_ste_b5000,950,constant,0.001,60.0015926938504,50815,0.32090209340240994,0.35698193359375,0.911
pilots,adam_ste_b5000,951,constant,0.001,60.00118507351726,50969,0.32145761470471396,0.33848422241210935,0.9
pilots,adam_ste_b5000,950,cosine,0.0003,60.00144690927118,48453,0.252999405812409,0.31455703735351564,0.915
pilots,adam_ste_b5000,951,cosine,0.0003,60.001389127224684,50826,0.22543446246648238,0.2624612121582031,0.933
pilots,adam_ste_b5000,950,cosine,0.001,60.001097054220736,50555,0.2750532823982885,0.3371316528320312,0.905
pilots,adam_ste_b5000,951,cosine,0.001,60.0018311496824,49879,0.2632047809665486,0.2959876708984375,0.917
extended,adam_ste_b128,950,constant,0.0001,240.00125689338893,371337,0.28525162079374666,0.3791396484375,0.9
extended,adam_ste_b128,951,constant,0.0001,240.00149649754167,365702,0.2948577945515261,0.35935516357421876,0.891
extended,adam_ste_b128,950,cosine,0.0001,240.00098188314587,358476,0.25370871721687965,0.2688138427734375,0.92
extended,adam_ste_b128,951,cosine,0.0001,240.00177693739533,368764,0.2618571498030323,0.3212378845214844,0.901
extended,adam_ste_b5000,950,constant,0.0001,240.0021433485672,198017,0.3029669916185282,0.3539331970214844,0.897
extended,adam_ste_b5000,951,constant,0.0001,240.00257179141045,199387,0.31428369709596793,0.333328369140625,0.894
extended,adam_ste_b5000,950,cosine,0.0001,240.00184651836753,196641,0.24140945279396187,0.26704833984375,0.917
extended,adam_ste_b5000,951,cosine,0.0001,240.00103223416954,196426,0.2278157131389036,0.24323109436035156,0.922
lsq_pilots,adam_lsq_b128,950,cosine,0.0003,60.00117340683937,86882,0.21269064602609408,0.244005126953125,0.933
lsq_pilots,adam_lsq_b128,951,cosine,0.0003,60.001020475290716,85625,0.21098577415336997,0.22953439331054687,0.933
lsq_pilots,adam_lsq_b128,950,cosine,0.001,60.0016271090135,86567,0.18719594315351065,0.219417724609375,0.933
lsq_pilots,adam_lsq_b128,951,cosine,0.001,60.00157505273819,86401,0.2008018607446703,0.2336190185546875,0.932
lsq_pilots,adam_lsq_b5000,950,cosine,0.0003,60.00221023708582,47170,0.2148526661759716,0.25023216247558594,0.924
lsq_pilots,adam_lsq_b5000,951,cosine,0.0003,60.00127970799804,48348,0.20006839053913697,0.2372696533203125,0.932
lsq_pilots,adam_lsq_b5000,950,cosine,0.001,60.0011169584468,46672,0.20037361403643075,0.23633198547363282,0.924
lsq_pilots,adam_lsq_b5000,951,cosine,0.001,60.001294002868235,48429,0.18772292082188494,0.21336686706542968,0.934
